productId,title,description
1,Product 1,This is product 1
2,Product 2,This is product 3
3,Product 3,This is product 5
4,Product 4,This is product 7
5,Product 5,This is product 9
6,Product 6,This is product 11
7,Product 7,This is product 13
8,Product 8,This is product 15
9,Product 9,This is product 17
10,Product 10,This is product 19
11,Product 11,This is product 21
12,Product 12,This is product 23
13,Product 13,This is product 25
14,Product 14,This is product 27
15,Product 15,This is product 29
16,Product 16,This is product 31
17,Product 17,This is product 33
18,Product 18,This is product 35
19,Product 19,This is product 37
20,Product 20,This is product 39